"","csu_id","cq","file"
"1","CSU12918",37.436393737793,"FC_LV q-RTPCR Plate 2019 W24.xlsx"
"2","CSU12950",36.9446601867676,"FC_LV q-RTPCR Plate 2019 W26.xlsx"
"3","CSU12954",38.4433174133301,"FC_LV q-RTPCR Plate 2019 W26.xlsx"
"4","CSU12961",37.9510345458984,"FC_LV q-RTPCR Plate 2019 W26.xlsx"
"5","CSU12963",38.4647598266602,"FC_LV q-RTPCR Plate 2019 W26.xlsx"
"6","CSU12965",37.2802848815918,"FC_LV q-RTPCR Plate 2019 W26.xlsx"
"7","CSU12967",36.8489723205566,"FC_LV q-RTPCR Plate 2019 W26.xlsx"
"8","CSU12969",32.2363166809082,"FC_LV q-RTPCR Plate 2019 W27.xlsx"
"9","CSU12970",35.2217903137207,"FC_LV q-RTPCR Plate 2019 W27.xlsx"
"10","CSU12971",31.8565921783447,"FC_LV q-RTPCR Plate 2019 W27.xlsx"
"11","CSU12972",32.5202293395996,"FC_LV q-RTPCR Plate 2019 W27.xlsx"
"12","CSU12973",32.3879508972168,"FC_LV q-RTPCR Plate 2019 W27.xlsx"
"13","CSU12974",31.4052753448486,"FC_LV q-RTPCR Plate 2019 W27.xlsx"
"14","CSU12975",32.0878944396973,"FC_LV q-RTPCR Plate 2019 W27.xlsx"
"15","CSU12976",33.521614074707,"FC_LV q-RTPCR Plate 2019 W27.xlsx"
"16","CSU12977",33.85400390625,"FC_LV q-RTPCR Plate 2019 W27.xlsx"
"17","CSU12978",33.7801132202148,"FC_LV q-RTPCR Plate 2019 W27.xlsx"
"18","CSU12979",34.4344253540039,"FC_LV q-RTPCR Plate 2019 W27.xlsx"
"19","CSU12980",33.4724731445312,"FC_LV q-RTPCR Plate 2019 W27.xlsx"
"20","CSU12981",33.4559135437012,"FC_LV q-RTPCR Plate 2019 W27.xlsx"
"21","CSU12983",33.6246109008789,"FC_LV q-RTPCR Plate 2019 W27.xlsx"
"22","CSU12985",35.069206237793,"FC_LV q-RTPCR Plate 2019 W27.xlsx"
"23","CSU12988",35.2074584960938,"FC_LV q-RTPCR Plate 2019 W27.xlsx"
"24","CSU12989",35.1401748657227,"FC_LV q-RTPCR Plate 2019 W27.xlsx"
"25","CSU12990",34.2473297119141,"FC_LV q-RTPCR Plate 2019 W27.xlsx"
"26","CSU12991",34.6702308654785,"FC_LV q-RTPCR Plate 2019 W27.xlsx"
"27","CSU12992",34.9674682617188,"FC_LV q-RTPCR Plate 2019 W27.xlsx"
"28","CSU12993",32.6077346801758,"FC_LV q-RTPCR Plate 2019 W27.xlsx"
"29","CSU12994",33.2797698974609,"FC_LV q-RTPCR Plate 2019 W27.xlsx"
"30","CSU12995",34.2291107177734,"FC_LV q-RTPCR Plate 2019 W27.xlsx"
"31","CSU12996",34.1853675842285,"FC_LV q-RTPCR Plate 2019 W27.xlsx"
"32","CSU12997",35.4604606628418,"FC_LV q-RTPCR Plate 2019 W27.xlsx"
"33","CSU12998",33.4300117492676,"FC_LV q-RTPCR Plate 2019 W27.xlsx"
"34","CSU12999",31.9718360900879,"FC_LV q-RTPCR Plate 2019 W27.xlsx"
"35","CSU13000",31.2873802185059,"FC_LV q-RTPCR Plate 2019 W27.xlsx"
"36","CSU13001",32.8878135681152,"FC_LV q-RTPCR Plate 2019 W27.xlsx"
"37","CSU13002",33.9958877563477,"FC_LV q-RTPCR Plate 2019 W27.xlsx"
"38","CSU13003",32.6962089538574,"FC_LV q-RTPCR Plate 2019 W27.xlsx"
"39","CSU13004",35.3953895568848,"FC_LV q-RTPCR Plate 2019 W27.xlsx"
"40","CSU13006",33.7501907348633,"FC_LV q-RTPCR Plate 2019 W27.xlsx"
"41","CSU13007",34.2810592651367,"FC_LV q-RTPCR Plate 2019 W27.xlsx"
"42","CSU13008",34.2381629943848,"FC_LV q-RTPCR Plate 2019 W27.xlsx"
"43","CSU13009",34.9510841369629,"FC_LV q-RTPCR Plate 2019 W27.xlsx"
"44","CSU13010",33.2915306091309,"FC_LV q-RTPCR Plate 2019 W27.xlsx"
"45","CSU13011",35.1311340332031,"FC_LV q-RTPCR Plate 2019 W27.xlsx"
"46","CSU13012",34.1749038696289,"FC_LV q-RTPCR Plate 2019 W27.xlsx"
"47","CSU13013",33.509407043457,"FC_LV q-RTPCR Plate 2019 W27.xlsx"
"48","CSU13014",32.4404602050781,"FC_LV q-RTPCR Plate 2019 W27.xlsx"
"49","CSU13015",33.0315742492676,"FC_LV q-RTPCR Plate 2019 W27.xlsx"
"50","CSU13016",35.055233001709,"FC_LV q-RTPCR Plate 2019 W27.xlsx"
"51","CSU13025",33.5300178527832,"FC_LV q-RTPCR Plate 2019 W27.xlsx"
"52","CSU13090",38.9470901489258,"FC_LV q-RTPCR Plate 2019 W28.xlsx"
"53","CSU13035",37.4143142700195,"FC_LV q-RTPCR Plate 2019 W28.xlsx"
"54","CSU13042",36.4942626953125,"FC_LV q-RTPCR Plate 2019 W28.xlsx"
"55","CSU13044",35.4979858398438,"FC_LV q-RTPCR Plate 2019 W28.xlsx"
"56","CSU13051",37.2340393066406,"FC_LV q-RTPCR Plate 2019 W28.xlsx"
"57","CSU13195",35.7166862487793,"FC_LV q-RTPCR Plate 2019 W29.xlsx"
"58","CSU13215",34.9567718505859,"FC_LV q-RTPCR Plate 2019 W29.xlsx"
"59","CSU13217",34.5785522460938,"FC_LV q-RTPCR Plate 2019 W29.xlsx"
"60","CSU13221",34.8680534362793,"FC_LV q-RTPCR Plate 2019 W29.xlsx"
"61","CSU13224",35.2716751098633,"FC_LV q-RTPCR Plate 2019 W29.xlsx"
"62","CSU13225",33.9215469360352,"FC_LV q-RTPCR Plate 2019 W30.xlsx"
"63","CSU13296",24.5338668823242,"FC_LV q-RTPCR Plate 2019 W30.xlsx"
"64","CSU13308",37.9126815795898,"FC_LV q-RTPCR Plate 2019 W30.xlsx"
"65","CSU13316",38.9351043701172,"FC_LV q-RTPCR Plate 2019 W30.xlsx"
"66","CSU13317",38.0840797424316,"FC_LV q-RTPCR Plate 2019 W30.xlsx"
"67","CSU13284",24.1615657806396,"FC_LV q-RTPCR Plate 2019 W30.xlsx"
"68","CSU13338",34.9116325378418,"FC_LV q-RTPCR Plate 2019 W31.xlsx"
"69","CSU13360",38.5353584289551,"FC_LV q-RTPCR Plate 2019 W31.xlsx"
"70","CSU13458",38.3268699645996,"FC_LV q-RTPCR Plate 2019 W31.xlsx"
"71","CSU13478",39.0121078491211,"FC_LV q-RTPCR Plate 2019 W31.xlsx"
"72","CSU13408",34.2724838256836,"FC_LV q-RTPCR Plate 2019 W31.xlsx"
"73","CSU13550",19.5728492736816,"FC_LV q-RTPCR Plate 2019 W32.xlsx"
"74","CSU13503",39.3216667175293,"FC_LV q-RTPCR Plate 2019 W32.xlsx"
"75","CSU13507",21.1768379211426,"FC_LV q-RTPCR Plate 2019 W32.xlsx"
"76","CSU13568",17.7217102050781,"FC_LV q-RTPCR Plate 2019 W32.xlsx"
"77","CSU13569",32.4227561950684,"FC_LV q-RTPCR Plate 2019 W32.xlsx"
"78","CSU13518",23.2194709777832,"FC_LV q-RTPCR Plate 2019 W32.xlsx"
"79","CSU13574",37.4426231384277,"FC_LV q-RTPCR Plate 2019 W32.xlsx"
"80","CSU13592",24.1161041259766,"FC_LV q-RTPCR Plate 2019 W32.xlsx"
"81","CSU13594",37.7099685668945,"FC_LV q-RTPCR Plate 2019 W32.xlsx"
"82","CSU13616",37.4731979370117,"FC_LV q-RTPCR Plate 2019 W32.xlsx"
"83","CSU13621",21.2984962463379,"FC_LV q-RTPCR Plate 2019 W32.xlsx"
"84","CSU13624",21.5135192871094,"FC_LV q-RTPCR Plate 2019 W32.xlsx"
"85","CSU13639",22.4094657897949,"FC_LV q-RTPCR Plate 2019 W33.xlsx"
"86","CSU13709",22.6590881347656,"FC_LV q-RTPCR Plate 2019 W33.xlsx"
"87","CSU13712",20.5273246765137,"FC_LV q-RTPCR Plate 2019 W33.xlsx"
"88","CSU13668",26.458475112915,"FC_LV q-RTPCR Plate 2019 W33.xlsx"
"89","CSU13756",25.2666282653809,"FC_LV q-RTPCR Plate 2019 W33.xlsx"
"90","CSU13831",19.3508796691895,"FC_LV q-RTPCR Plate 2019 W34.xlsx"
"91","CSU13776",19.9169311523438,"FC_LV q-RTPCR Plate 2019 W34.xlsx"
"92","CSU13782",22.9254951477051,"FC_LV q-RTPCR Plate 2019 W34.xlsx"
"93","CSU13791",19.6845550537109,"FC_LV q-RTPCR Plate 2019 W34.xlsx"
"94","CSU13798",19.9698791503906,"FC_LV q-RTPCR Plate 2019 W34.xlsx"
"95","CSU13804",31.8774280548096,"FC_LV q-RTPCR Plate 2019 W34.xlsx"
"96","CSU13860",32.9792175292969,"FC_LV q-RTPCR Plate 2019 W34.xlsx"
"97","CSU13866",24.2234802246094,"FC_LV q-RTPCR Plate 2019 W34.xlsx"
"98","CSU13808",23.5030307769775,"FC_LV q-RTPCR Plate 2019 W34.xlsx"
"99","CSU13809",33.216739654541,"FC_LV q-RTPCR Plate 2019 W34.xlsx"
"100","CSU13810",22.5355854034424,"FC_LV q-RTPCR Plate 2019 W34.xlsx"
"101","CSU13877",24.7691116333008,"FC_LV q-RTPCR Plate 2019 W35.xlsx"
"102","CSU13931",24.711483001709,"FC_LV q-RTPCR Plate 2019 W35.xlsx"
"103","CSU13878",22.6229000091553,"FC_LV q-RTPCR Plate 2019 W35.xlsx"
"104","CSU13880",21.7899227142334,"FC_LV q-RTPCR Plate 2019 W35.xlsx"
"105","CSU13881",19.6269454956055,"FC_LV q-RTPCR Plate 2019 W35.xlsx"
"106","CSU13883",38.2283363342285,"FC_LV q-RTPCR Plate 2019 W35.xlsx"
"107","CSU13884",17.9607601165771,"FC_LV q-RTPCR Plate 2019 W35.xlsx"
"108","CSU13886",22.262565612793,"FC_LV q-RTPCR Plate 2019 W35.xlsx"
"109","CSU13889",27.0210113525391,"FC_LV q-RTPCR Plate 2019 W35.xlsx"
"110","CSU13947",25.7626514434814,"FC_LV q-RTPCR Plate 2019 W35.xlsx"
"111","CSU13954",21.3302192687988,"FC_LV q-RTPCR Plate 2019 W35.xlsx"
"112","CSU13894",18.40891456604,"FC_LV q-RTPCR Plate 2019 W35.xlsx"
"113","CSU13913",26.8322467803955,"FC_LV q-RTPCR Plate 2019 W35.xlsx"
"114","CSU13985",20.3654880523682,"FC_LV q-RTPCR Plate 2019 W36.xlsx"
"115","CSU14047",20.3883838653564,"FC_LV q-RTPCR Plate 2019 W36.xlsx"
"116","CSU14055",22.3710670471191,"FC_LV q-RTPCR Plate 2019 W36.xlsx"
"117","CSU14057",36.9259033203125,"FC_LV q-RTPCR Plate 2019 W36.xlsx"
"118","CSU13999",26.235481262207,"FC_LV q-RTPCR Plate 2019 W36.xlsx"
"119","CSU14000",28.5100688934326,"FC_LV q-RTPCR Plate 2019 W36.xlsx"
"120","CSU14002",20.6096649169922,"FC_LV q-RTPCR Plate 2019 W36.xlsx"
"121","CSU14006",38.3520164489746,"FC_LV q-RTPCR Plate 2019 W36.xlsx"
"122","CSU14013",29.46266746521,"FC_LV q-RTPCR Plate 2019 W36.xlsx"
"123","CSU14014",31.9630260467529,"FC_LV q-RTPCR Plate 2019 W36.xlsx"
"124","CSU14041",38.1294288635254,"FC_LV q-RTPCR Plate 2019 W36.xlsx"
"125","CSU14077",24.2500343322754,"FC_LV q-RTPCR Plate 2019 W37.xlsx"
"126","CSU14101",38.09326171875,"FC_LV q-RTPCR Plate 2019 W37.xlsx"
"127","CSU14162",38.185718536377,"FC_LV q-RTPCR Plate 2020 W24.xlsx"
"128","CSU14176",38.1943664550781,"FC_LV q-RTPCR Plate 2020 W25.xlsx"
"129","CSU14185",38.7317390441894,"FC_LV q-RTPCR Plate 2020 W25.xlsx"
"130","CSU14202",34.1853485107422,"FC_LV q-RTPCR Plate 2020 W25.xlsx"
"131","CSU14266",31.7525577545166,"FC_LV q-RTPCR Plate 2020 W26.xlsx"
"132","CSU14290",31.9533615112305,"FC_LV q-RTPCR Plate 2020 W26.xlsx"
"133","CSU14306",31.5757598876953,"FC_LV q-RTPCR Plate 2020 W26.xlsx"
"134","CSU14309",31.6463947296143,"FC_LV q-RTPCR Plate 2020 W26.xlsx"
"135","CSU14403",35.5548133850098,"FC_LV q-RTPCR Plate 2020 W28.xlsx"
"136","CSU14518",34.5727500915527,"FC_LV q-RTPCR Plate 2020 W29.xlsx"
"137","CSU14524",33.8425025939941,"FC_LV q-RTPCR Plate 2020 W29.xlsx"
"138","CSU14525",34.3729782104492,"FC_LV q-RTPCR Plate 2020 W29.xlsx"
"139","CSU14603",38.1586723327637,"FC_LV q-RTPCR Plate 2020 W29.xlsx"
"140","CSU14532",32.9532699584961,"FC_LV q-RTPCR Plate 2020 W29.xlsx"
"141","CSU14607",34.6753120422363,"FC_LV q-RTPCR Plate 2020 W29.xlsx"
"142","CSU14536",33.3666954040527,"FC_LV q-RTPCR Plate 2020 W29.xlsx"
"143","CSU14543",35.2736778259277,"FC_LV q-RTPCR Plate 2020 W29.xlsx"
"144","CSU14562",34.2374801635742,"FC_LV q-RTPCR Plate 2020 W29.xlsx"
"145","CSU14651",34.0741233825684,"FC_LV q-RTPCR Plate 2020 W30.xlsx"
"146","CSU14661",34.4492073059082,"FC_LV q-RTPCR Plate 2020 W30.xlsx"
"147","CSU14662",35.859619140625,"FC_LV q-RTPCR Plate 2020 W30.xlsx"
"148","CSU14628",37.509407043457,"FC_LV q-RTPCR Plate 2020 W30.xlsx"
"149","CSU14669",34.2109870910645,"FC_LV q-RTPCR Plate 2020 W30.xlsx"
"150","CSU14641",20.4905490875244,"FC_LV q-RTPCR Plate 2020 W30.xlsx"
"151","CSU14678",33.2443504333496,"FC_LV q-RTPCR Plate 2020 W30.xlsx"
"152","CSU14775",24.4754943847656,"FC_LV q-RTPCR Plate 2020 W31.xlsx"
"153","CSU14776",32.9878540039062,"FC_LV q-RTPCR Plate 2020 W31.xlsx"
"154","CSU14777",34.2866172790527,"FC_LV q-RTPCR Plate 2020 W31.xlsx"
"155","CSU14739",39.6381072998047,"FC_LV q-RTPCR Plate 2020 W31.xlsx"
"156","CSU14756",37.6936416625977,"FC_LV q-RTPCR Plate 2020 W31.xlsx"
"157","CSU14815",36.4047164916992,"FC_LV q-RTPCR Plate 2020 W31.xlsx"
"158","CSU14835",31.2534694671631,"FC_LV q-RTPCR Plate 2020 W31.xlsx"
"159","CSU14838",35.4647178649902,"FC_LV q-RTPCR Plate 2020 W31.xlsx"
"160","CSU14906",28.7997303009033,"FC_LV q-RTPCR Plate 2020 W32.xlsx"
"161","CSU14907",27.9877281188965,"FC_LV q-RTPCR Plate 2020 W32.xlsx"
"162","CSU14954",30.0187397003174,"FC_LV q-RTPCR Plate 2020 W32.xlsx"
"163","CSU14907",31.7130641937256,"FC_LV q-RTPCR Plate 2020 W32.xlsx"
"164","CSU14860",33.8500900268555,"FC_LV q-RTPCR Plate 2020 W32.xlsx"
"165","CSU14916",33.8500900268555,"FC_LV q-RTPCR Plate 2020 W32.xlsx"
"166","CSU14872",33.2921295166016,"FC_LV q-RTPCR Plate 2020 W32.xlsx"
"167","CSU14927",34.0983543395996,"FC_LV q-RTPCR Plate 2020 W32.xlsx"
"168","CSU14932",15.5721664428711,"FC_LV q-RTPCR Plate 2020 W32.xlsx"
"169","CSU14936",32.7689437866211,"FC_LV q-RTPCR Plate 2020 W32.xlsx"
"170","CSU14883",34.1522483825684,"FC_LV q-RTPCR Plate 2020 W32.xlsx"
"171","CSU14940",19.1327381134033,"FC_LV q-RTPCR Plate 2020 W32.xlsx"
"172","CSU14948",34.2738990783691,"FC_LV q-RTPCR Plate 2020 W32.xlsx"
"173","CSU14950",34.2796401977539,"FC_LV q-RTPCR Plate 2020 W32.xlsx"
"174","CSU14964",23.7923278808594,"FC_LV q-RTPCR Plate 2020 W33.xlsx"
"175","CSU15019",19.0617275238037,"FC_LV q-RTPCR Plate 2020 W33.xlsx"
"176","CSU15024",23.0388774871826,"FC_LV q-RTPCR Plate 2020 W33.xlsx"
"177","CSU15025",17.7276935577393,"FC_LV q-RTPCR Plate 2020 W33.xlsx"
"178","CSU15034",29.9409332275391,"FC_LV q-RTPCR Plate 2020 W33.xlsx"
"179","CSU14974",20.1261463165283,"FC_LV q-RTPCR Plate 2020 W33.xlsx"
"180","CSU14978",36.5803833007812,"FC_LV q-RTPCR Plate 2020 W33.xlsx"
"181","CSU15036",30.4639320373535,"FC_LV q-RTPCR Plate 2020 W33.xlsx"
"182","CSU15042",35.4070816040039,"FC_LV q-RTPCR Plate 2020 W33.xlsx"
"183","CSU15050",35.5722999572754,"FC_LV q-RTPCR Plate 2020 W33.xlsx"
"184","CSU15058",19.0577850341797,"FC_LV q-RTPCR Plate 2020 W33.xlsx"
"185","CSU15001",20.0960445404053,"FC_LV q-RTPCR Plate 2020 W33.xlsx"
"186","CSU15061",18.8762474060059,"FC_LV q-RTPCR Plate 2020 W33.xlsx"
"187","CSU15014",32.4054832458496,"FC_LV q-RTPCR Plate 2020 W33.xlsx"
"188","CSU15015",31.5804710388184,"FC_LV q-RTPCR Plate 2020 W33.xlsx"
"189","CSU15016",35.1993103027344,"FC_LV q-RTPCR Plate 2020 W33.xlsx"
"190","CSU15162",36.9905433654785,"FC_LV q-RTPCR Plate 2020 W34.xlsx"
"191","CSU15096",33.4918022155762,"FC_LV q-RTPCR Plate 2020 W34.xlsx"
"192","CSU15106",34.9172172546387,"FC_LV q-RTPCR Plate 2020 W34.xlsx"
"193","CSU15108",31.7814693450928,"FC_LV q-RTPCR Plate 2020 W34.xlsx"
"194","CSU15109",35.3388252258301,"FC_LV q-RTPCR Plate 2020 W34.xlsx"
"195","CSU15180",31.4163990020752,"FC_LV q-RTPCR Plate 2020 W34.xlsx"
"196","CSU15181",22.2064514160156,"FC_LV q-RTPCR Plate 2020 W34.xlsx"
"197","CSU15182",34.673023223877,"FC_LV q-RTPCR Plate 2020 W34.xlsx"
"198","CSU15183",36.3003768920898,"FC_LV q-RTPCR Plate 2020 W34.xlsx"
"199","CSU15184",34.6837196350098,"FC_LV q-RTPCR Plate 2020 W34.xlsx"
"200","CSU15187",35.2122993469238,"FC_LV q-RTPCR Plate 2020 W34.xlsx"
"201","CSU15193",20.5417556762695,"FC_LV q-RTPCR Plate 2020 W34.xlsx"
"202","CSU15126",17.5671806335449,"FC_LV q-RTPCR Plate 2020 W34.xlsx"
"203","CSU15129",18.0339679718018,"FC_LV q-RTPCR Plate 2020 W34.xlsx"
"204","CSU15130",23.3889083862305,"FC_LV q-RTPCR Plate 2020 W34.xlsx"
"205","CSU15131",23.3619003295898,"FC_LV q-RTPCR Plate 2020 W34.xlsx"
"206","CSU15199",29.5125999450684,"FC_LV q-RTPCR Plate 2020 W34.xlsx"
"207","CSU15200",19.8328342437744,"FC_LV q-RTPCR Plate 2020 W34.xlsx"
"208","CSU15202",36.6872406005859,"FC_LV q-RTPCR Plate 2020 W34.xlsx"
"209","CSU15142",16.5724010467529,"FC_LV q-RTPCR Plate 2020 W34.xlsx"
"210","CSU15150",19.0699558258057,"FC_LV q-RTPCR Plate 2020 W34.xlsx"
"211","CSU15151",31.5658092498779,"FC_LV q-RTPCR Plate 2020 W34.xlsx"
"212","CSU15153",23.4494857788086,"FC_LV q-RTPCR Plate 2020 W34.xlsx"
"213","CSU15214",28.9411010742188,"FC_LV q-RTPCR Plate 2020 W35.xlsx"
"214","CSU15269",29.2582664489746,"FC_LV q-RTPCR Plate 2020 W35.xlsx"
"215","CSU15274",36.4920921325684,"FC_LV q-RTPCR Plate 2020 W35.xlsx"
"216","CSU15223",20.7883644104004,"FC_LV q-RTPCR Plate 2020 W35.xlsx"
"217","CSU15292",35.5370674133301,"FC_LV q-RTPCR Plate 2020 W35.xlsx"
"218","CSU15237",37.1209182739258,"FC_LV q-RTPCR Plate 2020 W35.xlsx"
"219","CSU15298",16.7207412719727,"FC_LV q-RTPCR Plate 2020 W35.xlsx"
"220","CSU15300",24.2230911254883,"FC_LV q-RTPCR Plate 2020 W35.xlsx"
"221","CSU15303",20.916088104248,"FC_LV q-RTPCR Plate 2020 W35.xlsx"
"222","CSU15249",35.3424606323242,"FC_LV q-RTPCR Plate 2020 W35.xlsx"
"223","CSU15267",26.9364776611328,"FC_LV q-RTPCR Plate 2020 W35.xlsx"
"224","CSU15306",34.9412002563477,"FC_LV q-RTPCR Plate 2020 W36.xlsx"
"225","CSU15307",37.8640899658203,"FC_LV q-RTPCR Plate 2020 W36.xlsx"
"226","CSU15334",23.1375122070312,"FC_LV q-RTPCR Plate 2020 W36.xlsx"
"227","CSU15335",31.6249351501465,"FC_LV q-RTPCR Plate 2020 W36.xlsx"
"228","CSU15348",34.9837532043457,"FC_LV q-RTPCR Plate 2020 W36.xlsx"
"229","CSU15350",31.5058250427246,"FC_LV q-RTPCR Plate 2020 W36.xlsx"
"230","BOU00009",33.1490516662598,"FC_LV q-RTPCR Plate 2021 W25.xlsx"
"231","CSU15900",11.253643989563,"FC_LV q-RTPCR Plate 2021 W28.xlsx"
"232","CSU16031",10.502046585083,"FC_LV q-RTPCR Plate 2021 W28.xlsx"
"233","BOU00025",23.5115451812744,"FC_LV q-RTPCR Plate 2021 W28.xlsx"
"234","CSU16036",20.4929714202881,"FC_LV q-RTPCR Plate 2021 W29.xlsx"
"235","CSU16137",20.8863124847412,"FC_LV q-RTPCR Plate 2021 W29.xlsx"
"236","CSU16064",38.4608955383301,"FC_LV q-RTPCR Plate 2021 W29.xlsx"
"237","CSU16146",21.3247470855713,"FC_LV q-RTPCR Plate 2021 W29.xlsx"
"238","CSU16186",16.9648723602295,"FC_LV q-RTPCR Plate 2021 W29.xlsx"
"239","CSU16323",15.6332664489746,"FC_LV q-RTPCR Plate 2021 W30.xlsx"
"240","CSU16324",25.2711200714111,"FC_LV q-RTPCR Plate 2021 W30.xlsx"
"241","CSU16247",32.2849197387695,"FC_LV q-RTPCR Plate 2021 W30.xlsx"
"242","CSU16337",14.6973915100098,"FC_LV q-RTPCR Plate 2021 W30.xlsx"
"243","CSU16259",38.1464538574219,"FC_LV q-RTPCR Plate 2021 W30.xlsx"
"244","CSU16344",16.1223278045654,"FC_LV q-RTPCR Plate 2021 W30.xlsx"
"245","CSU16347",14.0164880752563,"FC_LV q-RTPCR Plate 2021 W30.xlsx"
"246","CSU16447",13.3889617919922,"FC_LV q-RTPCR Plate 2021 W30.xlsx"
"247","CSU16450",12.7213687896729,"FC_LV q-RTPCR Plate 2021 W30.xlsx"
"248","CSU16296",38.9578094482422,"FC_LV q-RTPCR Plate 2021 W30.xlsx"
"249","CSU16460",22.9159145355225,"FC_LV q-RTPCR Plate 2021 W30.xlsx"
"250","CSU16461",11.3025350570679,"FC_LV q-RTPCR Plate 2021 W30.xlsx"
"251","CSU16462",30.0963230133057,"FC_LV q-RTPCR Plate 2021 W30.xlsx"
"252","CSU16297",25.1814002990723,"FC_LV q-RTPCR Plate 2021 W30.xlsx"
"253","CSU16389",16.5960006713867,"FC_LV q-RTPCR Plate 2021 W30.xlsx"
"254","CSU16312",28.0113849639893,"FC_LV q-RTPCR Plate 2021 W30.xlsx"
"255","CSU16390",27.0152454376221,"FC_LV q-RTPCR Plate 2021 W30.xlsx"
"256","CSU16316",20.5247669219971,"FC_LV q-RTPCR Plate 2021 W30.xlsx"
"257","CSU16403",16.9831695556641,"FC_LV q-RTPCR Plate 2021 W30.xlsx"
"258","CSU16485",19.6440868377686,"FC_LV q-RTPCR Plate 2021 W31.xlsx"
"259","CSU16566",20.556510925293,"FC_LV q-RTPCR Plate 2021 W31.xlsx"
"260","CSU16498",22.5254821777344,"FC_LV q-RTPCR Plate 2021 W31.xlsx"
"261","CSU16502",34.0233154296875,"FC_LV q-RTPCR Plate 2021 W31.xlsx"
"262","CSU16577",20.8444118499756,"FC_LV q-RTPCR Plate 2021 W31.xlsx"
"263","CSU16580",22.1922016143799,"FC_LV q-RTPCR Plate 2021 W31.xlsx"
"264","CSU16582",24.8018913269043,"FC_LV q-RTPCR Plate 2021 W31.xlsx"
"265","CSU16631",27.9828491210938,"FC_LV q-RTPCR Plate 2021 W31.xlsx"
"266","CSU16512",31.6262493133545,"FC_LV q-RTPCR Plate 2021 W31.xlsx"
"267","CSU16590",27.1682548522949,"FC_LV q-RTPCR Plate 2021 W31.xlsx"
"268","CSU16593",19.4167613983154,"FC_LV q-RTPCR Plate 2021 W31.xlsx"
"269","CSU16523",35.5337448120117,"FC_LV q-RTPCR Plate 2021 W31.xlsx"
"270","CSU16605",18.4781284332275,"FC_LV q-RTPCR Plate 2021 W31.xlsx"
"271","CSU16648",33.6846923828125,"FC_LV q-RTPCR Plate 2021 W31.xlsx"
"272","CSU16649",34.3045082092285,"FC_LV q-RTPCR Plate 2021 W31.xlsx"
"273","CSU16650",26.1945152282715,"FC_LV q-RTPCR Plate 2021 W31.xlsx"
"274","CSU16653",27.3307628631592,"FC_LV q-RTPCR Plate 2021 W31.xlsx"
"275","CSU16549",19.8373680114746,"FC_LV q-RTPCR Plate 2021 W31.xlsx"
"276","CSU16555",25.9701061248779,"FC_LV q-RTPCR Plate 2021 W31.xlsx"
"277","CSU16562",24.8088340759277,"FC_LV q-RTPCR Plate 2021 W31.xlsx"
"278","CSU16658",21.0674152374268,"FC_LV q-RTPCR Plate 2021 W32.xlsx"
"279","CSU16659",38.2757148742676,"FC_LV q-RTPCR Plate 2021 W32.xlsx"
"280","CSU16662",38.2413024902344,"FC_LV q-RTPCR Plate 2021 W32.xlsx"
"281","CSU16663",38.2160301208496,"FC_LV q-RTPCR Plate 2021 W32.xlsx"
"282","CSU16744",30.7840480804443,"FC_LV q-RTPCR Plate 2021 W32.xlsx"
"283","CSU16748",20.6279983520508,"FC_LV q-RTPCR Plate 2021 W32.xlsx"
"284","CSU16750",29.3111095428467,"FC_LV q-RTPCR Plate 2021 W32.xlsx"
"285","CSU16666",38.191291809082,"FC_LV q-RTPCR Plate 2021 W32.xlsx"
"286","CSU16670",38.1615867614746,"FC_LV q-RTPCR Plate 2021 W32.xlsx"
"287","CSU16673",23.4214534759521,"FC_LV q-RTPCR Plate 2021 W32.xlsx"
"288","CSU16751",34.5916557312012,"FC_LV q-RTPCR Plate 2021 W32.xlsx"
"289","CSU16753",23.2171592712402,"FC_LV q-RTPCR Plate 2021 W32.xlsx"
"290","CSU16754",29.1310081481934,"FC_LV q-RTPCR Plate 2021 W32.xlsx"
"291","CSU16674",20.3525543212891,"FC_LV q-RTPCR Plate 2021 W32.xlsx"
"292","CSU16677",20.0320110321045,"FC_LV q-RTPCR Plate 2021 W32.xlsx"
"293","CSU16760",19.9015979766846,"FC_LV q-RTPCR Plate 2021 W32.xlsx"
"294","CSU16763",19.7441558837891,"FC_LV q-RTPCR Plate 2021 W32.xlsx"
"295","CSU16765",17.7744255065918,"FC_LV q-RTPCR Plate 2021 W32.xlsx"
"296","CSU16766",37.5831451416016,"FC_LV q-RTPCR Plate 2021 W32.xlsx"
"297","CSU16683",26.1247787475586,"FC_LV q-RTPCR Plate 2021 W32.xlsx"
"298","CSU16767",37.7208938598633,"FC_LV q-RTPCR Plate 2021 W32.xlsx"
"299","CSU16773",20.6190567016602,"FC_LV q-RTPCR Plate 2021 W32.xlsx"
"300","CSU16692",19.0718288421631,"FC_LV q-RTPCR Plate 2021 W32.xlsx"
"301","CSU16779",27.6375865936279,"FC_LV q-RTPCR Plate 2021 W32.xlsx"
"302","CSU16780",27.7822685241699,"FC_LV q-RTPCR Plate 2021 W32.xlsx"
"303","CSU16784",37.5313568115234,"FC_LV q-RTPCR Plate 2021 W32.xlsx"
"304","CSU16800",37.1397247314453,"FC_LV q-RTPCR Plate 2021 W32.xlsx"
"305","CSU16802",23.6094951629639,"FC_LV q-RTPCR Plate 2021 W32.xlsx"
"306","CSU16804",31.0407238006592,"FC_LV q-RTPCR Plate 2021 W32.xlsx"
"307","CSU16805",19.9905757904053,"FC_LV q-RTPCR Plate 2021 W32.xlsx"
"308","CSU16806",35.8730163574219,"FC_LV q-RTPCR Plate 2021 W32.xlsx"
"309","CSU16722",22.779462814331,"FC_LV q-RTPCR Plate 2021 W32.xlsx"
"310","CSU16728",21.2103977203369,"FC_LV q-RTPCR Plate 2021 W32.xlsx"
"311","BOU00044",35.5102195739746,"FC_LV q-RTPCR Plate 2021 W32.xlsx"
"312","BOU00045",29.4067192077637,"FC_LV q-RTPCR Plate 2021 W32.xlsx"
"313","BOU00046",37.2333488464355,"FC_LV q-RTPCR Plate 2021 W32.xlsx"
"314","CSU16739",26.3488845825195,"FC_LV q-RTPCR Plate 2021 W32.xlsx"
"315","CSU16740",19.076379776001,"FC_LV q-RTPCR Plate 2021 W32.xlsx"
"316","CSU16741",25.8888111114502,"FC_LV q-RTPCR Plate 2021 W32.xlsx"
"317","CSU16742",22.0185298919678,"FC_LV q-RTPCR Plate 2021 W32.xlsx"
"318","CSU16816",19.9872608184814,"FC_LV q-RTPCR Plate 2021 W33.xlsx"
"319","CSU16817",19.1866149902344,"FC_LV q-RTPCR Plate 2021 W33.xlsx"
"320","CSU16819",37.3943862915039,"FC_LV q-RTPCR Plate 2021 W33.xlsx"
"321","CSU16897",35.6760940551758,"FC_LV q-RTPCR Plate 2021 W33.xlsx"
"322","CSU16900",27.0521297454834,"FC_LV q-RTPCR Plate 2021 W33.xlsx"
"323","CSU16901",17.7743473052979,"FC_LV q-RTPCR Plate 2021 W33.xlsx"
"324","CSU16902",23.6387176513672,"FC_LV q-RTPCR Plate 2021 W33.xlsx"
"325","CSU16821",18.8017654418945,"FC_LV q-RTPCR Plate 2021 W33.xlsx"
"326","CSU16908",35.8071212768555,"FC_LV q-RTPCR Plate 2021 W33.xlsx"
"327","CSU16909",34.1405601501465,"FC_LV q-RTPCR Plate 2021 W33.xlsx"
"328","CSU16911",36.0079956054688,"FC_LV q-RTPCR Plate 2021 W33.xlsx"
"329","CSU16912",34.220401763916,"FC_LV q-RTPCR Plate 2021 W33.xlsx"
"330","CSU16828",37.9303169250488,"FC_LV q-RTPCR Plate 2021 W33.xlsx"
"331","CSU16831",18.0857753753662,"FC_LV q-RTPCR Plate 2021 W33.xlsx"
"332","CSU16832",19.1442909240723,"FC_LV q-RTPCR Plate 2021 W33.xlsx"
"333","CSU16913",15.223331451416,"FC_LV q-RTPCR Plate 2021 W33.xlsx"
"334","CSU16914",35.2621612548828,"FC_LV q-RTPCR Plate 2021 W33.xlsx"
"335","CSU16915",35.6293601989746,"FC_LV q-RTPCR Plate 2021 W33.xlsx"
"336","CSU16916",33.2704429626465,"FC_LV q-RTPCR Plate 2021 W33.xlsx"
"337","CSU16917",34.8148918151855,"FC_LV q-RTPCR Plate 2021 W33.xlsx"
"338","CSU16918",31.9587841033936,"FC_LV q-RTPCR Plate 2021 W33.xlsx"
"339","CSU16920",21.2935600280762,"FC_LV q-RTPCR Plate 2021 W33.xlsx"
"340","CSU16838",36.3583335876465,"FC_LV q-RTPCR Plate 2021 W33.xlsx"
"341","CSU16839",37.3733253479004,"FC_LV q-RTPCR Plate 2021 W33.xlsx"
"342","CSU16840",33.594066619873,"FC_LV q-RTPCR Plate 2021 W33.xlsx"
"343","CSU16921",27.858922958374,"FC_LV q-RTPCR Plate 2021 W33.xlsx"
"344","CSU16922",20.2172832489014,"FC_LV q-RTPCR Plate 2021 W33.xlsx"
"345","CSU16923",26.9245433807373,"FC_LV q-RTPCR Plate 2021 W33.xlsx"
"346","CSU16924",23.2510452270508,"FC_LV q-RTPCR Plate 2021 W33.xlsx"
"347","CSU16925",35.9540214538574,"FC_LV q-RTPCR Plate 2021 W33.xlsx"
"348","CSU16927",29.6481990814209,"FC_LV q-RTPCR Plate 2021 W33.xlsx"
"349","CSU16928",36.1422882080078,"FC_LV q-RTPCR Plate 2021 W33.xlsx"
"350","CSU16844",20.0189609527588,"FC_LV q-RTPCR Plate 2021 W33.xlsx"
"351","CSU16846",19.552318572998,"FC_LV q-RTPCR Plate 2021 W33.xlsx"
"352","CSU16930",34.7352561950684,"FC_LV q-RTPCR Plate 2021 W33.xlsx"
"353","CSU16931",33.3533668518066,"FC_LV q-RTPCR Plate 2021 W33.xlsx"
"354","CSU16932",33.2578926086426,"FC_LV q-RTPCR Plate 2021 W33.xlsx"
"355","CSU16933",34.2010269165039,"FC_LV q-RTPCR Plate 2021 W33.xlsx"
"356","CSU16935",29.4757709503174,"FC_LV q-RTPCR Plate 2021 W33.xlsx"
"357","CSU16937",25.983491897583,"FC_LV q-RTPCR Plate 2021 W33.xlsx"
"358","CSU16938",22.2662296295166,"FC_LV q-RTPCR Plate 2021 W33.xlsx"
"359","CSU16939",26.4422378540039,"FC_LV q-RTPCR Plate 2021 W33.xlsx"
"360","CSU16940",19.0105247497559,"FC_LV q-RTPCR Plate 2021 W33.xlsx"
"361","BOU00050",35.8695373535156,"FC_LV q-RTPCR Plate 2021 W33.xlsx"
"362","CSU16873",37.9156036376953,"FC_LV q-RTPCR Plate 2021 W33.xlsx"
"363","CSU16876",22.7452125549316,"FC_LV q-RTPCR Plate 2021 W33.xlsx"
"364","CSU16879",18.837215423584,"FC_LV q-RTPCR Plate 2021 W33.xlsx"
"365","CSU16884",38.0636711120606,"FC_LV q-RTPCR Plate 2021 W33.xlsx"
"366","CSU16885",37.5168800354004,"FC_LV q-RTPCR Plate 2021 W33.xlsx"
"367","CSU16889",37.4716720581055,"FC_LV q-RTPCR Plate 2021 W33.xlsx"
"368","CSU16942",19.3396701812744,"FC_LV q-RTPCR Plate 2021 W34.xlsx"
"369","CSU16946",16.4884948730469,"FC_LV q-RTPCR Plate 2021 W34.xlsx"
"370","CSU16947",20.9509944915771,"FC_LV q-RTPCR Plate 2021 W34.xlsx"
"371","CSU16948",23.9785308837891,"FC_LV q-RTPCR Plate 2021 W34.xlsx"
"372","CSU17031",23.1223850250244,"FC_LV q-RTPCR Plate 2021 W34.xlsx"
"373","CSU17032",19.0537891387939,"FC_LV q-RTPCR Plate 2021 W34.xlsx"
"374","CSU16953",20.7223491668701,"FC_LV q-RTPCR Plate 2021 W34.xlsx"
"375","CSU17035",20.5690879821777,"FC_LV q-RTPCR Plate 2021 W34.xlsx"
"376","CSU17041",19.8130416870117,"FC_LV q-RTPCR Plate 2021 W34.xlsx"
"377","CSU17042",36.4803695678711,"FC_LV q-RTPCR Plate 2021 W34.xlsx"
"378","CSU17044",18.3735218048096,"FC_LV q-RTPCR Plate 2021 W34.xlsx"
"379","CSU17050",36.7304916381836,"FC_LV q-RTPCR Plate 2021 W34.xlsx"
"380","CSU16972",16.0240459442139,"FC_LV q-RTPCR Plate 2021 W34.xlsx"
"381","CSU16973",27.2889080047607,"FC_LV q-RTPCR Plate 2021 W34.xlsx"
"382","CSU16974",34.2211036682129,"FC_LV q-RTPCR Plate 2021 W34.xlsx"
"383","CSU16975",30.9107227325439,"FC_LV q-RTPCR Plate 2021 W34.xlsx"
"384","CSU16977",17.7810077667236,"FC_LV q-RTPCR Plate 2021 W34.xlsx"
"385","CSU17003",23.9907855987549,"FC_LV q-RTPCR Plate 2021 W34.xlsx"
"386","CSU17006",18.8457832336426,"FC_LV q-RTPCR Plate 2021 W34.xlsx"
"387","CSU17007",18.9502830505371,"FC_LV q-RTPCR Plate 2021 W34.xlsx"
"388","CSU17015",34.9428291320801,"FC_LV q-RTPCR Plate 2021 W34.xlsx"
"389","CSU17018",36.8343925476074,"FC_LV q-RTPCR Plate 2021 W34.xlsx"
"390","CSU17020",24.6269054412842,"FC_LV q-RTPCR Plate 2021 W34.xlsx"
"391","CSU17024",28.1380081176758,"FC_LV q-RTPCR Plate 2021 W34.xlsx"
"392","CSU17025",26.9955387115478,"FC_LV q-RTPCR Plate 2021 W34.xlsx"
"393","CSU17054",18.4094772338867,"FC_LV q-RTPCR Plate 2021 W35.xlsx"
"394","CSU17058",13.8250637054443,"FC_LV q-RTPCR Plate 2021 W35.xlsx"
"395","CSU17060",17.7954387664795,"FC_LV q-RTPCR Plate 2021 W35.xlsx"
"396","CSU17140",37.5972595214844,"FC_LV q-RTPCR Plate 2021 W35.xlsx"
"397","CSU17142",18.8721485137939,"FC_LV q-RTPCR Plate 2021 W35.xlsx"
"398","CSU17143",28.6001052856445,"FC_LV q-RTPCR Plate 2021 W35.xlsx"
"399","CSU17065",23.429178237915,"FC_LV q-RTPCR Plate 2021 W35.xlsx"
"400","CSU17149",21.0173244476318,"FC_LV q-RTPCR Plate 2021 W35.xlsx"
"401","CSU17077",20.3004169464111,"FC_LV q-RTPCR Plate 2021 W35.xlsx"
"402","CSU17078",26.2474555969238,"FC_LV q-RTPCR Plate 2021 W35.xlsx"
"403","CSU17086",19.514066696167,"FC_LV q-RTPCR Plate 2021 W35.xlsx"
"404","CSU17090",29.6921119689941,"FC_LV q-RTPCR Plate 2021 W35.xlsx"
"405","CSU17094",34.1631507873535,"FC_LV q-RTPCR Plate 2021 W35.xlsx"
"406","CSU17098",18.8397789001465,"FC_LV q-RTPCR Plate 2021 W35.xlsx"
"407","CSU17117",32.9241104125977,"FC_LV q-RTPCR Plate 2021 W35.xlsx"
"408","CSU17119",17.739616394043,"FC_LV q-RTPCR Plate 2021 W35.xlsx"
"409","CSU17124",14.9317502975464,"FC_LV q-RTPCR Plate 2021 W35.xlsx"
"410","CSU17131",33.7070960998535,"FC_LV q-RTPCR Plate 2021 W35.xlsx"
"411","CSU17133",33.6116256713867,"FC_LV q-RTPCR Plate 2021 W35.xlsx"
"412","CSU17134",18.984806060791,"FC_LV q-RTPCR Plate 2021 W35.xlsx"
"413","CSU17136",32.7509002685547,"FC_LV q-RTPCR Plate 2021 W35.xlsx"
"414","CSU17153",18.9151248931885,"FC_LV q-RTPCR Plate 2021 W36.xlsx"
"415","CSU17154",33.9044952392578,"FC_LV q-RTPCR Plate 2021 W36.xlsx"
"416","CSU17155",32.2623519897461,"FC_LV q-RTPCR Plate 2021 W36.xlsx"
"417","CSU17158",34.1862869262695,"FC_LV q-RTPCR Plate 2021 W36.xlsx"
"418","CSU17159",34.2550888061523,"FC_LV q-RTPCR Plate 2021 W36.xlsx"
"419","CSU17168",17.2435035705566,"FC_LV q-RTPCR Plate 2021 W36.xlsx"
"420","CSU17175",34.3871078491211,"FC_LV q-RTPCR Plate 2021 W36.xlsx"
"421","CSU17179",29.5667953491211,"FC_LV q-RTPCR Plate 2021 W36.xlsx"
"422","CSU17186",33.087028503418,"FC_LV q-RTPCR Plate 2021 W36.xlsx"
"423","CSU17191",34.5949821472168,"FC_LV q-RTPCR Plate 2021 W36.xlsx"
"424","CSU17192",34.5578536987305,"FC_LV q-RTPCR Plate 2021 W36.xlsx"
"425","CSU17196",33.5170593261719,"FC_LV q-RTPCR Plate 2021 W36.xlsx"
"426","CSU17199",22.82373046875,"FC_LV q-RTPCR Plate 2021 W36.xlsx"
"427","CSU17209",21.1643486022949,"FC_LV q-RTPCR Plate 2021 W36.xlsx"
"428","CSU17213",34.6727294921875,"FC_LV q-RTPCR Plate 2021 W36.xlsx"
"429","CSU17214",34.5428886413574,"FC_LV q-RTPCR Plate 2021 W36.xlsx"
"430","CSU17216",16.4995269775391,"FC_LV q-RTPCR Plate 2021 W36.xlsx"
"431","CSU17217",34.7782745361328,"FC_LV q-RTPCR Plate 2021 W36.xlsx"
"432","CSU17220",33.5181884765625,"FC_LV q-RTPCR Plate 2021 W36.xlsx"
"433","CSU17221",26.1857509613037,"FC_LV q-RTPCR Plate 2021 W36.xlsx"
"434","CSU17363",37.5731353759766,"FC_LV q-RTPCR Plate 2022 W25.xlsx"
"435","CSU17410",37.7305717468262,"FC_LV q-RTPCR Plate 2022 W25.xlsx"
"436","CSU17428",32.9655303955078,"FC_LV q-RTPCR Plate 2022 W26.xlsx"
"437","CSU17473",32.4886436462402,"FC_LV q-RTPCR Plate 2022 W26.xlsx"
"438","CSU17724",19.4493637084961,"FC_LV q-RTPCR Plate 2022 W28.xlsx"
"439","CSU17808",28.7037544250488,"FC_LV q-RTPCR Plate 2022 W28.xlsx"
"440","BOU00091",34.9482040405273,"FC_LV q-RTPCR Plate 2022 W28.xlsx"
"441","BOU00093",20.1985416412354,"FC_LV q-RTPCR Plate 2022 W28.xlsx"
"442","BOU00094",33.4579429626465,"FC_LV q-RTPCR Plate 2022 W28.xlsx"
"443","CSU17741",27.4172649383545,"FC_LV q-RTPCR Plate 2022 W28.xlsx"
"444","CSU17743",25.9287338256836,"FC_LV q-RTPCR Plate 2022 W28.xlsx"
"445","CSU17755",35.7072525024414,"FC_LV q-RTPCR Plate 2022 W28.xlsx"
"446","CSU17765",36.6109275817871,"FC_LV q-RTPCR Plate 2022 W28.xlsx"
"447","CSU17778",37.040096282959,"FC_LV q-RTPCR Plate 2022 W28.xlsx"
"448","CSU17786",31.9884166717529,"FC_LV q-RTPCR Plate 2022 W28.xlsx"
"449","CSU17709",27.6422901153564,"FC_LV q-RTPCR Plate 2022 W28.xlsx"
"450","CSU17799",34.4445457458496,"FC_LV q-RTPCR Plate 2022 W28.xlsx"
"451","CSU17800",33.3775978088379,"FC_LV q-RTPCR Plate 2022 W28.xlsx"
"452","CSU17801",33.954029083252,"FC_LV q-RTPCR Plate 2022 W28.xlsx"
"453","CSU17802",34.7030372619629,"FC_LV q-RTPCR Plate 2022 W28.xlsx"
"454","CSU17803",33.1002197265625,"FC_LV q-RTPCR Plate 2022 W28.xlsx"
"455","CSU17805",31.9314117431641,"FC_LV q-RTPCR Plate 2022 W28.xlsx"
"456","CSU17806",33.3335800170898,"FC_LV q-RTPCR Plate 2022 W28.xlsx"
"457","CSU17904",37.7568740844727,"FC_LV q-RTPCR Plate 2022 W29.xlsx"
"458","CSU17986",22.3503532409668,"FC_LV q-RTPCR Plate 2022 W29.xlsx"
"459","CSU17909",37.4838371276855,"FC_LV q-RTPCR Plate 2022 W29.xlsx"
"460","CSU17994",34.4971961975098,"FC_LV q-RTPCR Plate 2022 W29.xlsx"
"461","BOU00095",37.6800689697266,"FC_LV q-RTPCR Plate 2022 W29.xlsx"
"462","CSU17875",23.1940040588379,"FC_LV q-RTPCR Plate 2022 W29.xlsx"
"463","CSU17884",22.5105648040771,"FC_LV q-RTPCR Plate 2022 W29.xlsx"
"464","CSU17887",24.0877475738525,"FC_LV q-RTPCR Plate 2022 W29.xlsx"
"465","CSU17969",20.1702003479004,"FC_LV q-RTPCR Plate 2022 W29.xlsx"
"466","CSU17891",23.627721786499,"FC_LV q-RTPCR Plate 2022 W29.xlsx"
"467","CSU17895",38.7299156188965,"FC_LV q-RTPCR Plate 2022 W29.xlsx"
"468","CSU18019",17.3101043701172,"FC_LV q-RTPCR Plate 2022 W30.xlsx"
"469","CSU18104",26.7723045349121,"FC_LV q-RTPCR Plate 2022 W30.xlsx"
"470","CSU18105",37.4838371276855,"FC_LV q-RTPCR Plate 2022 W30.xlsx"
"471","CSU18109",31.6663341522217,"FC_LV q-RTPCR Plate 2022 W30.xlsx"
"472","CSU18033",20.5065956115723,"FC_LV q-RTPCR Plate 2022 W30.xlsx"
"473","CSU18117",35.4227142333984,"FC_LV q-RTPCR Plate 2022 W30.xlsx"
"474","CSU18119",32.6917839050293,"FC_LV q-RTPCR Plate 2022 W30.xlsx"
"475","CSU18123",28.9305648803711,"FC_LV q-RTPCR Plate 2022 W30.xlsx"
"476","CSU18124",35.3906021118164,"FC_LV q-RTPCR Plate 2022 W30.xlsx"
"477","CSU18126",35.5878486633301,"FC_LV q-RTPCR Plate 2022 W30.xlsx"
"478","CSU18128",22.744026184082,"FC_LV q-RTPCR Plate 2022 W30.xlsx"
"479","CSU18050",38.6290969848633,"FC_LV q-RTPCR Plate 2022 W30.xlsx"
"480","CSU18134",34.565616607666,"FC_LV q-RTPCR Plate 2022 W30.xlsx"
"481","CSU18136",33.1591606140137,"FC_LV q-RTPCR Plate 2022 W30.xlsx"
"482","CSU18055",25.3876838684082,"FC_LV q-RTPCR Plate 2022 W30.xlsx"
"483","CSU18153",34.4971084594727,"FC_LV q-RTPCR Plate 2022 W30.xlsx"
"484","CSU18160",38.4471168518066,"FC_LV q-RTPCR Plate 2022 W30.xlsx"
"485","CSU18077",35.4871826171875,"FC_LV q-RTPCR Plate 2022 W30.xlsx"
"486","BOU00103",35.1349678039551,"FC_LV q-RTPCR Plate 2022 W30.xlsx"
"487","CSU18087",22.535078048706,"FC_LV q-RTPCR Plate 2022 W30.xlsx"
"488","CSU18165",21.1923007965088,"FC_LV q-RTPCR Plate 2022 W31.xlsx"
"489","CSU18167",26.7331733703613,"FC_LV q-RTPCR Plate 2022 W31.xlsx"
"490","CSU18253",24.6251983642578,"FC_LV q-RTPCR Plate 2022 W31.xlsx"
"491","CSU18256",22.6810932159424,"FC_LV q-RTPCR Plate 2022 W31.xlsx"
"492","CSU18174",37.8596038818359,"FC_LV q-RTPCR Plate 2022 W31.xlsx"
"493","CSU18258",20.5483627319336,"FC_LV q-RTPCR Plate 2022 W31.xlsx"
"494","CSU18185",35.4774055480957,"FC_LV q-RTPCR Plate 2022 W31.xlsx"
"495","CSU18186",31.1503810882568,"FC_LV q-RTPCR Plate 2022 W31.xlsx"
"496","CSU18267",32.9986686706543,"FC_LV q-RTPCR Plate 2022 W31.xlsx"
"497","CSU18190",38.0212020874023,"FC_LV q-RTPCR Plate 2022 W31.xlsx"
"498","CSU18201",37.6930122375488,"FC_LV q-RTPCR Plate 2022 W31.xlsx"
"499","CSU18285",20.3336963653564,"FC_LV q-RTPCR Plate 2022 W31.xlsx"
"500","CSU18220",21.195484161377,"FC_LV q-RTPCR Plate 2022 W31.xlsx"
"501","CSU18224",19.7888374328613,"FC_LV q-RTPCR Plate 2022 W31.xlsx"
"502","CSU18312",19.5085334777832,"FC_LV q-RTPCR Plate 2022 W31.xlsx"
"503","CSU18231",22.4793128967285,"FC_LV q-RTPCR Plate 2022 W31.xlsx"
"504","CSU18232",20.8325042724609,"FC_LV q-RTPCR Plate 2022 W31.xlsx"
"505","CSU18316",19.73291015625,"FC_LV q-RTPCR Plate 2022 W31.xlsx"
"506","CSU18240",19.2511806488037,"FC_LV q-RTPCR Plate 2022 W31.xlsx"
"507","CSU18321",20.0749053955078,"FC_LV q-RTPCR Plate 2022 W31.xlsx"
"508","CSU18322",35.186580657959,"FC_LV q-RTPCR Plate 2022 W31.xlsx"
"509","CSU18248",38.5647659301758,"FC_LV q-RTPCR Plate 2022 W31.xlsx"
"510","CSU18411",35.6164207458496,"FC_LV q-RTPCR Plate 2022 W32.xlsx"
"511","CSU18417",16.8474254608154,"FC_LV q-RTPCR Plate 2022 W32.xlsx"
"512","CSU18421",16.7754859924316,"FC_LV q-RTPCR Plate 2022 W32.xlsx"
"513","CSU18422",33.0622253417969,"FC_LV q-RTPCR Plate 2022 W32.xlsx"
"514","CSU18424",16.8937187194824,"FC_LV q-RTPCR Plate 2022 W32.xlsx"
"515","CSU18341",18.5590896606445,"FC_LV q-RTPCR Plate 2022 W32.xlsx"
"516","CSU18346",39.1580772399902,"FC_LV q-RTPCR Plate 2022 W32.xlsx"
"517","CSU18426",36.5463371276855,"FC_LV q-RTPCR Plate 2022 W32.xlsx"
"518","CSU18428",19.0110645294189,"FC_LV q-RTPCR Plate 2022 W32.xlsx"
"519","CSU18431",19.8149337768555,"FC_LV q-RTPCR Plate 2022 W32.xlsx"
"520","CSU18432",17.7658214569092,"FC_LV q-RTPCR Plate 2022 W32.xlsx"
"521","CSU18439",21.6538505554199,"FC_LV q-RTPCR Plate 2022 W32.xlsx"
"522","CSU18386",17.3206901550293,"FC_LV q-RTPCR Plate 2022 W32.xlsx"
"523","CSU18389",34.1387329101562,"FC_LV q-RTPCR Plate 2022 W32.xlsx"
"524","CSU18391",22.4793128967285,"FC_LV q-RTPCR Plate 2022 W32.xlsx"
"525","CSU18392",33.75341796875,"FC_LV q-RTPCR Plate 2022 W32.xlsx"
"526","CSU18394",35.1854019165039,"FC_LV q-RTPCR Plate 2022 W32.xlsx"
"527","CSU18479",16.8235626220703,"FC_LV q-RTPCR Plate 2022 W32.xlsx"
"528","CSU18396",36.0175704956055,"FC_LV q-RTPCR Plate 2022 W32.xlsx"
"529","CSU18399",19.7760581970215,"FC_LV q-RTPCR Plate 2022 W32.xlsx"
"530","CSU18401",8.41360664367676,"FC_LV q-RTPCR Plate 2022 W32.xlsx"
"531","CSU18402",34.2480659484863,"FC_LV q-RTPCR Plate 2022 W32.xlsx"
"532","CSU18484",23.3482189178467,"FC_LV q-RTPCR Plate 2022 W33.xlsx"
"533","CSU18572",19.0967655181885,"FC_LV q-RTPCR Plate 2022 W33.xlsx"
"534","CSU18573",21.6158256530762,"FC_LV q-RTPCR Plate 2022 W33.xlsx"
"535","CSU18495",32.210636138916,"FC_LV q-RTPCR Plate 2022 W33.xlsx"
"536","CSU18580",37.9406585693359,"FC_LV q-RTPCR Plate 2022 W33.xlsx"
"537","CSU18584",25.1146831512451,"FC_LV q-RTPCR Plate 2022 W33.xlsx"
"538","CSU18500",29.1517810821533,"FC_LV q-RTPCR Plate 2022 W33.xlsx"
"539","CSU18501",21.6027374267578,"FC_LV q-RTPCR Plate 2022 W33.xlsx"
"540","CSU18504",23.7899703979492,"FC_LV q-RTPCR Plate 2022 W33.xlsx"
"541","CSU18509",21.9500274658203,"FC_LV q-RTPCR Plate 2022 W33.xlsx"
"542","CSU18596",27.8858032226562,"FC_LV q-RTPCR Plate 2022 W33.xlsx"
"543","CSU18520",27.8754444122314,"FC_LV q-RTPCR Plate 2022 W33.xlsx"
"544","CSU18522",26.6675510406494,"FC_LV q-RTPCR Plate 2022 W33.xlsx"
"545","CSU18529",26.0712890625,"FC_LV q-RTPCR Plate 2022 W33.xlsx"
"546","CSU18544",20.7830829620361,"FC_LV q-RTPCR Plate 2022 W33.xlsx"
"547","CSU18545",37.6127624511719,"FC_LV q-RTPCR Plate 2022 W33.xlsx"
"548","CSU18627",20.5299797058105,"FC_LV q-RTPCR Plate 2022 W33.xlsx"
"549","CSU18629",21.8556728363037,"FC_LV q-RTPCR Plate 2022 W33.xlsx"
"550","CSU18634",20.9239807128906,"FC_LV q-RTPCR Plate 2022 W33.xlsx"
"551","CSU18558",35.1009254455566,"FC_LV q-RTPCR Plate 2022 W33.xlsx"
"552","CSU18730",37.519115447998,"FC_LV q-RTPCR Plate 2022 W34.xlsx"
"553","CSU18819",19.8030223846436,"FC_LV q-RTPCR Plate 2022 W34.xlsx"
"554","CSU18657",21.4687480926514,"FC_LV q-RTPCR Plate 2022 W34.xlsx"
"555","CSU18658",37.7550163269043,"FC_LV q-RTPCR Plate 2022 W34.xlsx"
"556","CSU18660",35.1756820678711,"FC_LV q-RTPCR Plate 2022 W34.xlsx"
"557","CSU18742",21.7314510345459,"FC_LV q-RTPCR Plate 2022 W34.xlsx"
"558","CSU18743",37.1001930236816,"FC_LV q-RTPCR Plate 2022 W34.xlsx"
"559","CSU18745",37.5092811584473,"FC_LV q-RTPCR Plate 2022 W34.xlsx"
"560","CSU18825",30.1313152313232,"FC_LV q-RTPCR Plate 2022 W34.xlsx"
"561","CSU18826",20.9524040222168,"FC_LV q-RTPCR Plate 2022 W34.xlsx"
"562","CSU18827",19.372184753418,"FC_LV q-RTPCR Plate 2022 W34.xlsx"
"563","CSU18830",18.341739654541,"FC_LV q-RTPCR Plate 2022 W34.xlsx"
"564","CSU18664",18.3636493682861,"FC_LV q-RTPCR Plate 2022 W34.xlsx"
"565","CSU18749",19.0633010864258,"FC_LV q-RTPCR Plate 2022 W34.xlsx"
"566","CSU18672",21.3456974029541,"FC_LV q-RTPCR Plate 2022 W34.xlsx"
"567","CSU18757",22.0517444610596,"FC_LV q-RTPCR Plate 2022 W34.xlsx"
"568","CSU18680",19.2893505096436,"FC_LV q-RTPCR Plate 2022 W34.xlsx"
"569","CSU18765",19.8756275177002,"FC_LV q-RTPCR Plate 2022 W34.xlsx"
"570","CSU18685",21.2943477630615,"FC_LV q-RTPCR Plate 2022 W34.xlsx"
"571","CSU18686",25.2070598602295,"FC_LV q-RTPCR Plate 2022 W34.xlsx"
"572","CSU18770",21.8723678588867,"FC_LV q-RTPCR Plate 2022 W34.xlsx"
"573","CSU18771",25.6232604980469,"FC_LV q-RTPCR Plate 2022 W34.xlsx"
"574","CSU18716",20.377462387085,"FC_LV q-RTPCR Plate 2022 W34.xlsx"
"575","CSU18801",20.7113609313965,"FC_LV q-RTPCR Plate 2022 W34.xlsx"
"576","CSU18718",27.417444229126,"FC_LV q-RTPCR Plate 2022 W34.xlsx"
"577","CSU18724",21.7804050445557,"FC_LV q-RTPCR Plate 2022 W34.xlsx"
"578","CSU18803",27.7033004760742,"FC_LV q-RTPCR Plate 2022 W34.xlsx"
"579","CSU18809",22.0910491943359,"FC_LV q-RTPCR Plate 2022 W34.xlsx"
"580","CSU18832",26.7100830078125,"FC_LV q-RTPCR Plate 2022 W35.xlsx"
"581","CSU18835",18.883415222168,"FC_LV q-RTPCR Plate 2022 W35.xlsx"
"582","CSU18837",20.504186630249,"FC_LV q-RTPCR Plate 2022 W35.xlsx"
"583","CSU18918",27.2350597381592,"FC_LV q-RTPCR Plate 2022 W35.xlsx"
"584","CSU18920",17.6588687896729,"FC_LV q-RTPCR Plate 2022 W35.xlsx"
"585","CSU18921",33.2836837768555,"FC_LV q-RTPCR Plate 2022 W35.xlsx"
"586","CSU18922",37.6433410644531,"FC_LV q-RTPCR Plate 2022 W35.xlsx"
"587","CSU18843",22.9757289886475,"FC_LV q-RTPCR Plate 2022 W35.xlsx"
"588","CSU18925",27.0298252105713,"FC_LV q-RTPCR Plate 2022 W35.xlsx"
"589","CSU18851",21.9870586395264,"FC_LV q-RTPCR Plate 2022 W35.xlsx"
"590","CSU18852",29.0966758728027,"FC_LV q-RTPCR Plate 2022 W35.xlsx"
"591","CSU18932",25.1979598999023,"FC_LV q-RTPCR Plate 2022 W35.xlsx"
"592","CSU18856",23.797176361084,"FC_LV q-RTPCR Plate 2022 W35.xlsx"
"593","CSU18869",28.1058692932129,"FC_LV q-RTPCR Plate 2022 W35.xlsx"
"594","CSU18949",18.752290725708,"FC_LV q-RTPCR Plate 2022 W35.xlsx"
"595","CSU18959",27.9827289581299,"FC_LV q-RTPCR Plate 2022 W35.xlsx"
"596","CSU18896",28.9237957000732,"FC_LV q-RTPCR Plate 2022 W35.xlsx"
"597","CSU18903",21.1946926116943,"FC_LV q-RTPCR Plate 2022 W35.xlsx"
"598","CSU18904",19.1812934875488,"FC_LV q-RTPCR Plate 2022 W35.xlsx"
"599","CSU18908",17.458194732666,"FC_LV q-RTPCR Plate 2022 W35.xlsx"
"600","CSU18914",26.4945774078369,"FC_LV q-RTPCR Plate 2022 W35.xlsx"
"601","CSU19050",25.1140823364258,"FC_LV q-RTPCR Plate 2022 W36.xlsx"
"602","CSU18971",24.0873832702637,"FC_LV q-RTPCR Plate 2022 W36.xlsx"
"603","CSU18981",21.6097469329834,"FC_LV q-RTPCR Plate 2022 W36.xlsx"
"604","CSU18996",21.9135456085205,"FC_LV q-RTPCR Plate 2022 W36.xlsx"
"605","CSU19030",34.8413276672363,"FC_LV q-RTPCR Plate 2022 W36.xlsx"
"606","CSU19101",23.69504737854,"FC_LV q-RTPCR Plate 2022 W37.xlsx"
"607","CSU19115",23.6582145690918,"FC_LV q-RTPCR Plate 2022 W37.xlsx"
"608","CSU19124",27.1245861053467,"FC_LV q-RTPCR Plate 2022 W37.xlsx"
"609","CSU19127",29.8231449127197,"FC_LV q-RTPCR Plate 2022 W37.xlsx"
"610","CSU19142",24.1953296661377,"FC_LV q-RTPCR Plate 2022 W37.xlsx"
"611","CSU19150",39.3521270751953,"FC_LV q-RTPCR Plate 2022 W37.xlsx"
"612","CSU20344",38.33,"FC_LV q-RTPCR Plate 2023 Week 29.xlsx"
"613","CSU20425",34.99,"FC_LV q-RTPCR Plate 2023 Week 29.xlsx"
"614","CSU20426",35.301,"FC_LV q-RTPCR Plate 2023 Week 29.xlsx"
"615","CSU20510",33.28,"FC_LV q-RTPCR Plate 2023 Week 29.xlsx"
"616","CSU20599",19.03,"FC_LV q-RTPCR Plate 2023 Week 29.xlsx"
"617","CSU20764",33.24,"FC_LV q-RTPCR Plate 2023 Week 29.xlsx"
"618","BOU00163",33.28,"FC_LV q-RTPCR Plate 2023 Week 29.xlsx"
"619","BOU00166",33.42,"FC_LV q-RTPCR Plate 2023 Week 29.xlsx"
"620","BOU00167",34.71,"FC_LV q-RTPCR Plate 2023 Week 29.xlsx"
"621","CSU20352",21.69,"FC_LV q-RTPCR Plate 2023 Week 29.xlsx"
"622","CSU20435",34.62,"FC_LV q-RTPCR Plate 2023 Week 29.xlsx"
"623","CSU20355",23.28,"FC_LV q-RTPCR Plate 2023 Week 29.xlsx"
"624","CSU20357",25.52,"FC_LV q-RTPCR Plate 2023 Week 29.xlsx"
"625","CSU20361",24.03,"FC_LV q-RTPCR Plate 2023 Week 29.xlsx"
"626","CSU20443",35.02,"FC_LV q-RTPCR Plate 2023 Week 29.xlsx"
"627","CSU20451",33.87,"FC_LV q-RTPCR Plate 2023 Week 29.xlsx"
"628","CSU20534",29.72,"FC_LV q-RTPCR Plate 2023 Week 29.xlsx"
"629","CSU20621",23.48,"FC_LV q-RTPCR Plate 2023 Week 29.xlsx"
"630","CSU20703",29.15,"FC_LV q-RTPCR Plate 2023 Week 29.xlsx"
"631","CSU20708",19.52,"FC_LV q-RTPCR Plate 2023 Week 29.xlsx"
"632","CSU20709",22.18,"FC_LV q-RTPCR Plate 2023 Week 29.xlsx"
"633","CSU20710",32.83,"FC_LV q-RTPCR Plate 2023 Week 29.xlsx"
"634","CSU20378",19.39,"FC_LV q-RTPCR Plate 2023 Week 29.xlsx"
"635","CSU20458",33.91,"FC_LV q-RTPCR Plate 2023 Week 29.xlsx"
"636","CSU20631",37.97,"FC_LV q-RTPCR Plate 2023 Week 29.xlsx"
"637","CSU20712",35,"FC_LV q-RTPCR Plate 2023 Week 29.xlsx"
"638","CSU20716",14.13,"FC_LV q-RTPCR Plate 2023 Week 29.xlsx"
"639","CSU20724",25.78,"FC_LV q-RTPCR Plate 2023 Week 29.xlsx"
"640","CSU20400",24.17,"FC_LV q-RTPCR Plate 2023 Week 29.xlsx"
"641","CSU20401",22.09,"FC_LV q-RTPCR Plate 2023 Week 29.xlsx"
"642","CSU20483",31.26,"FC_LV q-RTPCR Plate 2023 Week 29.xlsx"
"643","CSU20485",32.43,"FC_LV q-RTPCR Plate 2023 Week 29.xlsx"
"644","CSU20666",26.16,"FC_LV q-RTPCR Plate 2023 Week 29.xlsx"
"645","CSU20669",36.87,"FC_LV q-RTPCR Plate 2023 Week 29.xlsx"
"646","CSU20767",24.2550716400146,"FC_LV q-RTPCR Plate 2023 Week 30.xlsx"
"647","CSU20941",27.0229835510254,"FC_LV q-RTPCR Plate 2023 Week 30.xlsx"
"648","CSU20778",30.2017250061035,"FC_LV q-RTPCR Plate 2023 Week 30.xlsx"
"649","CSU20859",20.7848606109619,"FC_LV q-RTPCR Plate 2023 Week 30.xlsx"
"650","CSU20862",20.1783695220947,"FC_LV q-RTPCR Plate 2023 Week 30.xlsx"
"651","CSU20863",25.5963592529297,"FC_LV q-RTPCR Plate 2023 Week 30.xlsx"
"652","CSU20866",22.6177978515625,"FC_LV q-RTPCR Plate 2023 Week 30.xlsx"
"653","CSU20948",35.0864677429199,"FC_LV q-RTPCR Plate 2023 Week 30.xlsx"
"654","CSU20873",27.5475940704346,"FC_LV q-RTPCR Plate 2023 Week 30.xlsx"
"655","CSU20958",21.9624347686768,"FC_LV q-RTPCR Plate 2023 Week 30.xlsx"
"656","CSU20879",29.0934219360352,"FC_LV q-RTPCR Plate 2023 Week 30.xlsx"
"657","CSU20802",33.1064300537109,"FC_LV q-RTPCR Plate 2023 Week 30.xlsx"
"658","CSU20885",29.8111095428467,"FC_LV q-RTPCR Plate 2023 Week 30.xlsx"
"659","CSU20886",21.3365364074707,"FC_LV q-RTPCR Plate 2023 Week 30.xlsx"
"660","CSU20887",28.2370586395264,"FC_LV q-RTPCR Plate 2023 Week 30.xlsx"
"661","CSU20812",21.9340362548828,"FC_LV q-RTPCR Plate 2023 Week 30.xlsx"
"662","CSU20980",22.6151599884033,"FC_LV q-RTPCR Plate 2023 Week 30.xlsx"
"663","CSU20983",18.8531131744385,"FC_LV q-RTPCR Plate 2023 Week 30.xlsx"
"664","CSU20828",22.3913478851318,"FC_LV q-RTPCR Plate 2023 Week 30.xlsx"
"665","CSU20914",24.0216484069824,"FC_LV q-RTPCR Plate 2023 Week 30.xlsx"
"666","BOU00174",25.4405155181885,"FC_LV q-RTPCR Plate 2023 Week 30.xlsx"
"667","CSU20834",21.8900012969971,"FC_LV q-RTPCR Plate 2023 Week 30.xlsx"
"668","CSU20919",20.0022754669189,"FC_LV q-RTPCR Plate 2023 Week 30.xlsx"
"669","CSU20921",20.1033535003662,"FC_LV q-RTPCR Plate 2023 Week 30.xlsx"
"670","CSU20922",23.2898578643799,"FC_LV q-RTPCR Plate 2023 Week 30.xlsx"
"671","CSU20928",31.3861865997314,"FC_LV q-RTPCR Plate 2023 Week 30.xlsx"
"672","CSU20929",19.7420711517334,"FC_LV q-RTPCR Plate 2023 Week 30.xlsx"
"673","CSU20991",22.4786491394043,"FC_LV q-RTPCR Plate 2023 Week 31.xlsx"
"674","CSU20994",37.7975044250488,"FC_LV q-RTPCR Plate 2023 Week 31.xlsx"
"675","CSU21000",24.5657539367676,"FC_LV q-RTPCR Plate 2023 Week 31.xlsx"
"676","CSU21003",20.1096019744873,"FC_LV q-RTPCR Plate 2023 Week 31.xlsx"
"677","CSU21004",21.3309001922607,"FC_LV q-RTPCR Plate 2023 Week 31.xlsx"
"678","CSU21009",17.6972904205322,"FC_LV q-RTPCR Plate 2023 Week 31.xlsx"
"679","CSU21010",37.2872657775879,"FC_LV q-RTPCR Plate 2023 Week 31.xlsx"
"680","CSU21090",38.2967185974121,"FC_LV q-RTPCR Plate 2023 Week 31.xlsx"
"681","CSU21091",19.8661041259766,"FC_LV q-RTPCR Plate 2023 Week 31.xlsx"
"682","CSU21011",21.4030628204346,"FC_LV q-RTPCR Plate 2023 Week 31.xlsx"
"683","CSU21012",33.7683448791504,"FC_LV q-RTPCR Plate 2023 Week 31.xlsx"
"684","CSU21013",23.3171272277832,"FC_LV q-RTPCR Plate 2023 Week 31.xlsx"
"685","CSU21014",27.6565074920654,"FC_LV q-RTPCR Plate 2023 Week 31.xlsx"
"686","CSU21016",35.3471488952637,"FC_LV q-RTPCR Plate 2023 Week 31.xlsx"
"687","CSU21017",27.9641780853271,"FC_LV q-RTPCR Plate 2023 Week 31.xlsx"
"688","CSU21019",37.2837066650391,"FC_LV q-RTPCR Plate 2023 Week 31.xlsx"
"689","CSU21020",22.9029560089111,"FC_LV q-RTPCR Plate 2023 Week 31.xlsx"
"690","CSU21107",23.3479042053223,"FC_LV q-RTPCR Plate 2023 Week 31.xlsx"
"691","CSU21109",31.0791683197021,"FC_LV q-RTPCR Plate 2023 Week 31.xlsx"
"692","CSU21111",18.5473251342773,"FC_LV q-RTPCR Plate 2023 Week 31.xlsx"
"693","CSU21029",18.1348266601562,"FC_LV q-RTPCR Plate 2023 Week 31.xlsx"
"694","CSU21113",20.4110069274902,"FC_LV q-RTPCR Plate 2023 Week 31.xlsx"
"695","CSU21116",18.9834136962891,"FC_LV q-RTPCR Plate 2023 Week 31.xlsx"
"696","CSU21046",19.4774570465088,"FC_LV q-RTPCR Plate 2023 Week 31.xlsx"
"697","CSU21129",18.0120162963867,"FC_LV q-RTPCR Plate 2023 Week 31.xlsx"
"698","CSU21132",36.9508171081543,"FC_LV q-RTPCR Plate 2023 Week 31.xlsx"
"699","CSU21052",18.4147281646728,"FC_LV q-RTPCR Plate 2023 Week 31.xlsx"
"700","CSU21054",18.2779369354248,"FC_LV q-RTPCR Plate 2023 Week 31.xlsx"
"701","CSU21136",26.9287872314453,"FC_LV q-RTPCR Plate 2023 Week 31.xlsx"
"702","CSU21138",27.718,"FC_LV q-RTPCR Plate 2023 Week 32.xlsx"
"703","CSU21139",25.965,"FC_LV q-RTPCR Plate 2023 Week 32.xlsx"
"704","CSU21142",20.508,"FC_LV q-RTPCR Plate 2023 Week 32.xlsx"
"705","CSU21144",19.514,"FC_LV q-RTPCR Plate 2023 Week 32.xlsx"
"706","CSU21223",26.936,"FC_LV q-RTPCR Plate 2023 Week 32.xlsx"
"707","CSU21224",18.616,"FC_LV q-RTPCR Plate 2023 Week 32.xlsx"
"708","CSU21229",22.135,"FC_LV q-RTPCR Plate 2023 Week 32.xlsx"
"709","CSU21146",25.168,"FC_LV q-RTPCR Plate 2023 Week 32.xlsx"
"710","CSU21231",16.59,"FC_LV q-RTPCR Plate 2023 Week 32.xlsx"
"711","CSU21233",21.947,"FC_LV q-RTPCR Plate 2023 Week 32.xlsx"
"712","CSU21236",29.492,"FC_LV q-RTPCR Plate 2023 Week 32.xlsx"
"713","CSU21153",20.889,"FC_LV q-RTPCR Plate 2023 Week 32.xlsx"
"714","CSU21158",20.188,"FC_LV q-RTPCR Plate 2023 Week 32.xlsx"
"715","CSU21257",26.195,"FC_LV q-RTPCR Plate 2023 Week 32.xlsx"
"716","CSU21180",20.98,"FC_LV q-RTPCR Plate 2023 Week 32.xlsx"
"717","CSU21265",21.697,"FC_LV q-RTPCR Plate 2023 Week 32.xlsx"
"718","CSU21267",16.951,"FC_LV q-RTPCR Plate 2023 Week 32.xlsx"
"719","CSU21268",16.956,"FC_LV q-RTPCR Plate 2023 Week 32.xlsx"
"720","CSU21194",19.534,"FC_LV q-RTPCR Plate 2023 Week 32.xlsx"
"721","CSU21197",33.787,"FC_LV q-RTPCR Plate 2023 Week 32.xlsx"
"722","CSU21198",18.821,"FC_LV q-RTPCR Plate 2023 Week 32.xlsx"
"723","CSU21199",29.805,"FC_LV q-RTPCR Plate 2023 Week 32.xlsx"
"724","CSU21201",20.277,"FC_LV q-RTPCR Plate 2023 Week 32.xlsx"
"725","CSU21203",27.909,"FC_LV q-RTPCR Plate 2023 Week 32.xlsx"
"726","CSU21205",23.051,"FC_LV q-RTPCR Plate 2023 Week 32.xlsx"
"727","CSU21212",21.148,"FC_LV q-RTPCR Plate 2023 Week 32.xlsx"
"728","CSU21277",26.8121242523193,"FC_LV q-RTPCR Plate 2023 Week 33.xlsx"
"729","CSU21364",25.6731815338135,"FC_LV q-RTPCR Plate 2023 Week 33.xlsx"
"730","CSU21282",22.1573467254639,"FC_LV q-RTPCR Plate 2023 Week 33.xlsx"
"731","CSU21283",30.5887470245361,"FC_LV q-RTPCR Plate 2023 Week 33.xlsx"
"732","CSU21285",24.8489322662354,"FC_LV q-RTPCR Plate 2023 Week 33.xlsx"
"733","CSU21365",24.6908340454102,"FC_LV q-RTPCR Plate 2023 Week 33.xlsx"
"734","CSU21371",23.3048496246338,"FC_LV q-RTPCR Plate 2023 Week 33.xlsx"
"735","CSU21372",31.6453437805176,"FC_LV q-RTPCR Plate 2023 Week 33.xlsx"
"736","CSU21289",21.56711769104,"FC_LV q-RTPCR Plate 2023 Week 33.xlsx"
"737","CSU21290",19.0544128417969,"FC_LV q-RTPCR Plate 2023 Week 33.xlsx"
"738","CSU21291",24.9394226074219,"FC_LV q-RTPCR Plate 2023 Week 33.xlsx"
"739","CSU21292",22.6010818481445,"FC_LV q-RTPCR Plate 2023 Week 33.xlsx"
"740","CSU21373",37.6412124633789,"FC_LV q-RTPCR Plate 2023 Week 33.xlsx"
"741","CSU21374",32.3727493286133,"FC_LV q-RTPCR Plate 2023 Week 33.xlsx"
"742","CSU21301",23.9304847717285,"FC_LV q-RTPCR Plate 2023 Week 33.xlsx"
"743","CSU21382",18.7821350097656,"FC_LV q-RTPCR Plate 2023 Week 33.xlsx"
"744","CSU21389",36.3523178100586,"FC_LV q-RTPCR Plate 2023 Week 33.xlsx"
"745","CSU21391",19.51296043396,"FC_LV q-RTPCR Plate 2023 Week 33.xlsx"
"746","CSU21393",19.3036727905273,"FC_LV q-RTPCR Plate 2023 Week 33.xlsx"
"747","CSU21315",30.574779510498,"FC_LV q-RTPCR Plate 2023 Week 33.xlsx"
"748","CSU21317",21.8133792877197,"FC_LV q-RTPCR Plate 2023 Week 33.xlsx"
"749","BOU00190",23.1167240142822,"FC_LV q-RTPCR Plate 2023 Week 33.xlsx"
"750","CSU21334",25.7636318206787,"FC_LV q-RTPCR Plate 2023 Week 33.xlsx"
"751","CSU21337",31.307050704956,"FC_LV q-RTPCR Plate 2023 Week 33.xlsx"
"752","CSU21481",22.8376998901367,"FC_LV q-RTPCR Plate 2023 Week 34.xlsx"
"753","CSU21484",27.2904815673828,"FC_LV q-RTPCR Plate 2023 Week 34.xlsx"
"754","CSU21485",19.7688522338867,"FC_LV q-RTPCR Plate 2023 Week 34.xlsx"
"755","CSU21405",32.2016448974609,"FC_LV q-RTPCR Plate 2023 Week 34.xlsx"
"756","CSU21406",25.6178932189941,"FC_LV q-RTPCR Plate 2023 Week 34.xlsx"
"757","CSU21409",28.9648971557617,"FC_LV q-RTPCR Plate 2023 Week 34.xlsx"
"758","CSU21490",28.8940048217773,"FC_LV q-RTPCR Plate 2023 Week 34.xlsx"
"759","CSU21491",20.2490310668945,"FC_LV q-RTPCR Plate 2023 Week 34.xlsx"
"760","CSU21493",35.4034271240234,"FC_LV q-RTPCR Plate 2023 Week 34.xlsx"
"761","CSU21413",24.2209873199463,"FC_LV q-RTPCR Plate 2023 Week 34.xlsx"
"762","CSU21418",19.7853660583496,"FC_LV q-RTPCR Plate 2023 Week 34.xlsx"
"763","CSU21496",28.0594024658203,"FC_LV q-RTPCR Plate 2023 Week 34.xlsx"
"764","CSU21422",23.3144378662109,"FC_LV q-RTPCR Plate 2023 Week 34.xlsx"
"765","CSU21516",20.3831233978271,"FC_LV q-RTPCR Plate 2023 Week 34.xlsx"
"766","CSU21517",35.538143157959,"FC_LV q-RTPCR Plate 2023 Week 34.xlsx"
"767","CSU21518",19.3379802703857,"FC_LV q-RTPCR Plate 2023 Week 34.xlsx"
"768","CSU21438",19.9423885345459,"FC_LV q-RTPCR Plate 2023 Week 34.xlsx"
"769","CSU21522",20.4892196655273,"FC_LV q-RTPCR Plate 2023 Week 34.xlsx"
"770","CSU21526",34.735897064209,"FC_LV q-RTPCR Plate 2023 Week 34.xlsx"
"771","CSU21454",25.3676815032959,"FC_LV q-RTPCR Plate 2023 Week 34.xlsx"
"772","CSU21455",36.2061653137207,"FC_LV q-RTPCR Plate 2023 Week 34.xlsx"
"773","CSU21459",22.6043701171875,"FC_LV q-RTPCR Plate 2023 Week 34.xlsx"
"774","CSU21466",21.6761302947998,"FC_LV q-RTPCR Plate 2023 Week 34.xlsx"
"775","CSU21529",26.2888813018799,"FC_LV q-RTPCR Plate 2023 Week 35.xlsx"
"776","CSU21533",24.4195022583008,"FC_LV q-RTPCR Plate 2023 Week 35.xlsx"
"777","CSU21615",29.6624221801758,"FC_LV q-RTPCR Plate 2023 Week 35.xlsx"
"778","CSU21620",36.6618232727051,"FC_LV q-RTPCR Plate 2023 Week 35.xlsx"
"779","CSU21547",38.5880851745606,"FC_LV q-RTPCR Plate 2023 Week 35.xlsx"
"780","CSU21634",21.1211071014404,"FC_LV q-RTPCR Plate 2023 Week 35.xlsx"
"781","CSU21557",32.8041152954102,"FC_LV q-RTPCR Plate 2023 Week 35.xlsx"
"782","CSU21586",19.1964111328125,"FC_LV q-RTPCR Plate 2023 Week 35.xlsx"
"783","CSU21588",25.4733448028564,"FC_LV q-RTPCR Plate 2023 Week 35.xlsx"
"784","CSU21606",22.5621318817139,"FC_LV q-RTPCR Plate 2023 Week 35.xlsx"
"785","CSU21664",32.6691818237304,"FC_LV q-RTPCR Plate 2023 Week 36.xlsx"
"786","CSU21675",16.5631980895996,"FC_LV q-RTPCR Plate 2023 Week 36.xlsx"
"787","CSU21702",20.3656234741211,"FC_LV q-RTPCR Plate 2023 Week 36.xlsx"
"788","CSU21710",27.9958019256592,"FC_LV q-RTPCR Plate 2023 Week 37.xlsx"
"789","CSU21724",34.1430511474609,"FC_LV q-RTPCR Plate 2023 Week 37.xlsx"
